studyName,Sample Number,Species,Region,Island,Stage,Individual ID,Clutch Completion,Date Egg,Culmen Length (mm),Culmen Depth (mm),Flipper Length (mm),Body Mass (g),Real ID,Sex
PAL0708,1,Adelie,Anvers,Torgersen,"Adult, 1 Egg Stage",N1A1,Yes,11/11/07,39.1,18.7,181.0,3750.0,A_0,MALE
PAL0708,2,Adelie,Anvers,Torgersen,"Adult, 1 Egg Stage",N1A2,Yes,11/11/07,39.5,17.4,186.0,3800.0,A_1,FEMALE
PAL0708,3,Adelie,Anvers,Torgersen,"Adult, 1 Egg Stage",N2A1,Yes,11/16/07,40.3,18.0,195.0,3250.0,A_2,FEMALE
PAL0708,4,Adelie,Anvers,Torgersen,"Adult, 1 Egg Stage",N2A2,Yes,11/16/07,,,,,A_3,
PAL0708,5,Adelie,Anvers,Torgersen,"Adult, 1 Egg Stage",N3A1,Yes,11/16/07,36.7,19.3,193.0,3450.0,A_4,FEMALE
PAL0708,6,Adelie,Anvers,Torgersen,"Adult, 1 Egg Stage",N3A2,Yes,11/16/07,39.3,20.6,190.0,3650.0,A_5,MALE
PAL0708,7,Adelie,Anvers,Torgersen,"Adult, 1 Egg Stage",N4A1,No,11/15/07,38.9,17.8,181.0,3625.0,A_6,FEMALE
PAL0708,8,Adelie,Anvers,Torgersen,"Adult, 1 Egg Stage",N4A2,No,11/15/07,39.2,19.6,195.0,4675.0,A_7,MALE
PAL0708,9,Adelie,Anvers,Torgersen,"Adult, 1 Egg Stage",N5A1,Yes,11/9/07,34.1,18.1,193.0,3475.0,A_8,
PAL0708,10,Adelie,Anvers,Torgersen,"Adult, 1 Egg Stage",N5A2,Yes,11/9/07,42.0,20.2,190.0,4250.0,A_9,
PAL0708,11,Adelie,Anvers,Torgersen,"Adult, 1 Egg Stage",N6A1,Yes,11/9/07,37.8,17.1,186.0,3300.0,A_10,
PAL0708,12,Adelie,Anvers,Torgersen,"Adult, 1 Egg Stage",N6A2,Yes,11/9/07,37.8,17.3,180.0,3700.0,A_11,
PAL0708,13,Adelie,Anvers,Torgersen,"Adult, 1 Egg Stage",N7A1,Yes,11/15/07,41.1,17.6,182.0,3200.0,A_12,FEMALE
PAL0708,14,Adelie,Anvers,Torgersen,"Adult, 1 Egg Stage",N7A2,Yes,11/15/07,38.6,21.2,191.0,3800.0,A_13,MALE
PAL0708,15,Adelie,Anvers,Torgersen,"Adult, 1 Egg Stage",N8A1,Yes,11/16/07,34.6,21.1,198.0,4400.0,A_14,MALE
PAL0708,16,Adelie,Anvers,Torgersen,"Adult, 1 Egg Stage",N8A2,Yes,11/16/07,36.6,17.8,185.0,3700.0,A_15,FEMALE
PAL0708,17,Adelie,Anvers,Torgersen,"Adult, 1 Egg Stage",N9A1,Yes,11/12/07,38.7,19.0,195.0,3450.0,A_16,FEMALE
PAL0708,18,Adelie,Anvers,Torgersen,"Adult, 1 Egg Stage",N9A2,Yes,11/12/07,42.5,20.7,197.0,4500.0,A_17,MALE
PAL0708,19,Adelie,Anvers,Torgersen,"Adult, 1 Egg Stage",N10A1,Yes,11/16/07,34.4,18.4,184.0,3325.0,A_18,FEMALE
PAL0708,20,Adelie,Anvers,Torgersen,"Adult, 1 Egg Stage",N10A2,Yes,11/16/07,46.0,21.5,194.0,4200.0,A_19,MALE
PAL0708,21,Adelie,Anvers,Biscoe,"Adult, 1 Egg Stage",N11A1,Yes,11/12/07,37.8,18.3,174.0,3400.0,A_20,FEMALE
PAL0708,22,Adelie,Anvers,Biscoe,"Adult, 1 Egg Stage",N11A2,Yes,11/12/07,37.7,18.7,180.0,3600.0,A_21,MALE
PAL0708,23,Adelie,Anvers,Biscoe,"Adult, 1 Egg Stage",N12A1,Yes,11/12/07,35.9,19.2,189.0,3800.0,A_22,FEMALE
PAL0708,24,Adelie,Anvers,Biscoe,"Adult, 1 Egg Stage",N12A2,Yes,11/12/07,38.2,18.1,185.0,3950.0,A_23,MALE
PAL0708,25,Adelie,Anvers,Biscoe,"Adult, 1 Egg Stage",N13A1,Yes,11/10/07,38.8,17.2,180.0,3800.0,A_24,MALE
PAL0708,26,Adelie,Anvers,Biscoe,"Adult, 1 Egg Stage",N13A2,Yes,11/10/07,35.3,18.9,187.0,3800.0,A_25,FEMALE
PAL0708,27,Adelie,Anvers,Biscoe,"Adult, 1 Egg Stage",N17A1,Yes,11/12/07,40.6,18.6,183.0,3550.0,A_26,MALE
PAL0708,28,Adelie,Anvers,Biscoe,"Adult, 1 Egg Stage",N17A2,Yes,11/12/07,40.5,17.9,187.0,3200.0,A_27,FEMALE
PAL0708,29,Adelie,Anvers,Biscoe,"Adult, 1 Egg Stage",N18A1,No,11/10/07,37.9,18.6,172.0,3150.0,A_28,FEMALE
PAL0708,30,Adelie,Anvers,Biscoe,"Adult, 1 Egg Stage",N18A2,No,11/10/07,40.5,18.9,180.0,3950.0,A_29,MALE
PAL0708,31,Adelie,Anvers,Dream,"Adult, 1 Egg Stage",N21A1,Yes,11/9/07,39.5,16.7,178.0,3250.0,A_30,FEMALE
PAL0708,32,Adelie,Anvers,Dream,"Adult, 1 Egg Stage",N21A2,Yes,11/9/07,37.2,18.1,178.0,3900.0,A_31,MALE
PAL0708,33,Adelie,Anvers,Dream,"Adult, 1 Egg Stage",N22A1,Yes,11/9/07,39.5,17.8,188.0,3300.0,A_32,FEMALE
PAL0708,34,Adelie,Anvers,Dream,"Adult, 1 Egg Stage",N22A2,Yes,11/9/07,40.9,18.9,184.0,3900.0,A_33,MALE
PAL0708,35,Adelie,Anvers,Dream,"Adult, 1 Egg Stage",N23A1,Yes,11/16/07,36.4,17.0,195.0,3325.0,A_34,FEMALE
PAL0708,36,Adelie,Anvers,Dream,"Adult, 1 Egg Stage",N23A2,Yes,11/16/07,39.2,21.1,196.0,4150.0,A_35,MALE
PAL0708,37,Adelie,Anvers,Dream,"Adult, 1 Egg Stage",N24A1,Yes,11/16/07,38.8,20.0,190.0,3950.0,A_36,MALE
PAL0708,38,Adelie,Anvers,Dream,"Adult, 1 Egg Stage",N24A2,Yes,11/16/07,42.2,18.5,180.0,3550.0,A_37,FEMALE
PAL0708,39,Adelie,Anvers,Dream,"Adult, 1 Egg Stage",N25A1,No,11/13/07,37.6,19.3,181.0,3300.0,A_38,FEMALE
PAL0708,40,Adelie,Anvers,Dream,"Adult, 1 Egg Stage",N25A2,No,11/13/07,39.8,19.1,184.0,4650.0,A_39,MALE
PAL0708,41,Adelie,Anvers,Dream,"Adult, 1 Egg Stage",N26A1,Yes,11/16/07,36.5,18.0,182.0,3150.0,A_40,FEMALE
PAL0708,42,Adelie,Anvers,Dream,"Adult, 1 Egg Stage",N26A2,Yes,11/16/07,40.8,18.4,195.0,3900.0,A_41,MALE
PAL0708,43,Adelie,Anvers,Dream,"Adult, 1 Egg Stage",N27A1,Yes,11/19/07,36.0,18.5,186.0,3100.0,A_42,FEMALE
PAL0708,44,Adelie,Anvers,Dream,"Adult, 1 Egg Stage",N27A2,Yes,11/19/07,44.1,19.7,196.0,4400.0,A_43,MALE
PAL0708,45,Adelie,Anvers,Dream,"Adult, 1 Egg Stage",N28A1,Yes,11/16/07,37.0,16.9,185.0,3000.0,A_44,FEMALE
PAL0708,46,Adelie,Anvers,Dream,"Adult, 1 Egg Stage",N28A2,Yes,11/16/07,39.6,18.8,190.0,4600.0,A_45,MALE
PAL0708,47,Adelie,Anvers,Dream,"Adult, 1 Egg Stage",N29A1,Yes,11/13/07,41.1,19.0,182.0,3425.0,A_46,MALE
PAL0708,48,Adelie,Anvers,Dream,"Adult, 1 Egg Stage",N29A2,Yes,11/13/07,37.5,18.9,179.0,2975.0,A_47,
PAL0708,49,Adelie,Anvers,Dream,"Adult, 1 Egg Stage",N30A1,Yes,11/13/07,36.0,17.9,190.0,3450.0,A_48,FEMALE
PAL0708,50,Adelie,Anvers,Dream,"Adult, 1 Egg Stage",N30A2,Yes,11/13/07,42.3,21.2,191.0,4150.0,A_49,MALE
PAL0809,51,Adelie,Anvers,Biscoe,"Adult, 1 Egg Stage",N21A1,Yes,11/6/08,39.6,17.7,186.0,3500.0,A_50,FEMALE
PAL0809,52,Adelie,Anvers,Biscoe,"Adult, 1 Egg Stage",N21A2,Yes,11/6/08,40.1,18.9,188.0,4300.0,A_51,MALE
PAL0809,53,Adelie,Anvers,Biscoe,"Adult, 1 Egg Stage",N22A1,Yes,11/9/08,35.0,17.9,190.0,3450.0,A_52,FEMALE
PAL0809,54,Adelie,Anvers,Biscoe,"Adult, 1 Egg Stage",N22A2,Yes,11/9/08,42.0,19.5,200.0,4050.0,A_53,MALE
PAL0809,55,Adelie,Anvers,Biscoe,"Adult, 1 Egg Stage",N23A1,Yes,11/9/08,34.5,18.1,187.0,2900.0,A_54,FEMALE
PAL0809,56,Adelie,Anvers,Biscoe,"Adult, 1 Egg Stage",N23A2,Yes,11/9/08,41.4,18.6,191.0,3700.0,A_55,MALE
PAL0809,57,Adelie,Anvers,Biscoe,"Adult, 1 Egg Stage",N24A1,Yes,11/15/08,39.0,17.5,186.0,3550.0,A_56,FEMALE
PAL0809,58,Adelie,Anvers,Biscoe,"Adult, 1 Egg Stage",N24A2,Yes,11/15/08,40.6,18.8,193.0,3800.0,A_57,MALE
PAL0809,59,Adelie,Anvers,Biscoe,"Adult, 1 Egg Stage",N25A1,Yes,11/15/08,36.5,16.6,181.0,2850.0,A_58,FEMALE
PAL0809,60,Adelie,Anvers,Biscoe,"Adult, 1 Egg Stage",N25A2,Yes,11/15/08,37.6,19.1,194.0,3750.0,A_59,MALE
PAL0809,61,Adelie,Anvers,Biscoe,"Adult, 1 Egg Stage",N27A1,Yes,11/13/08,35.7,16.9,185.0,3150.0,A_60,FEMALE
PAL0809,62,Adelie,Anvers,Biscoe,"Adult, 1 Egg Stage",N27A2,Yes,11/13/08,41.3,21.1,195.0,4400.0,A_61,MALE
PAL0809,63,Adelie,Anvers,Biscoe,"Adult, 1 Egg Stage",N28A1,Yes,11/13/08,37.6,17.0,185.0,3600.0,A_62,FEMALE
PAL0809,64,Adelie,Anvers,Biscoe,"Adult, 1 Egg Stage",N28A2,Yes,11/13/08,41.1,18.2,192.0,4050.0,A_63,MALE
PAL0809,65,Adelie,Anvers,Biscoe,"Adult, 1 Egg Stage",N29A1,Yes,11/13/08,36.4,17.1,184.0,2850.0,A_64,FEMALE
PAL0809,66,Adelie,Anvers,Biscoe,"Adult, 1 Egg Stage",N29A2,Yes,11/13/08,41.6,18.0,192.0,3950.0,A_65,MALE
PAL0809,67,Adelie,Anvers,Biscoe,"Adult, 1 Egg Stage",N30A1,Yes,11/6/08,35.5,16.2,195.0,3350.0,A_66,FEMALE
PAL0809,68,Adelie,Anvers,Biscoe,"Adult, 1 Egg Stage",N30A2,Yes,11/6/08,41.1,19.1,188.0,4100.0,A_67,MALE
PAL0809,69,Adelie,Anvers,Torgersen,"Adult, 1 Egg Stage",N32A1,No,11/11/08,35.9,16.6,190.0,3050.0,A_68,FEMALE
PAL0809,70,Adelie,Anvers,Torgersen,"Adult, 1 Egg Stage",N32A2,No,11/11/08,41.8,19.4,198.0,4450.0,A_69,MALE
PAL0809,71,Adelie,Anvers,Torgersen,"Adult, 1 Egg Stage",N34A1,Yes,11/14/08,33.5,19.0,190.0,3600.0,A_70,FEMALE
PAL0809,72,Adelie,Anvers,Torgersen,"Adult, 1 Egg Stage",N34A2,Yes,11/14/08,39.7,18.4,190.0,3900.0,A_71,MALE
PAL0809,73,Adelie,Anvers,Torgersen,"Adult, 1 Egg Stage",N35A1,Yes,11/11/08,39.6,17.2,196.0,3550.0,A_72,FEMALE
PAL0809,74,Adelie,Anvers,Torgersen,"Adult, 1 Egg Stage",N35A2,Yes,11/11/08,45.8,18.9,197.0,4150.0,A_73,MALE
PAL0809,75,Adelie,Anvers,Torgersen,"Adult, 1 Egg Stage",N36A1,Yes,11/8/08,35.5,17.5,190.0,3700.0,A_74,FEMALE
PAL0809,76,Adelie,Anvers,Torgersen,"Adult, 1 Egg Stage",N36A2,Yes,11/8/08,42.8,18.5,195.0,4250.0,A_75,MALE
PAL0809,77,Adelie,Anvers,Torgersen,"Adult, 1 Egg Stage",N37A1,Yes,11/6/08,40.9,16.8,191.0,3700.0,A_76,FEMALE
PAL0809,78,Adelie,Anvers,Torgersen,"Adult, 1 Egg Stage",N37A2,Yes,11/6/08,37.2,19.4,184.0,3900.0,A_77,MALE
PAL0809,79,Adelie,Anvers,Torgersen,"Adult, 1 Egg Stage",N38A1,Yes,11/9/08,36.2,16.1,187.0,3550.0,A_78,FEMALE
PAL0809,80,Adelie,Anvers,Torgersen,"Adult, 1 Egg Stage",N38A2,Yes,11/9/08,42.1,19.1,195.0,4000.0,A_79,MALE
PAL0809,81,Adelie,Anvers,Torgersen,"Adult, 1 Egg Stage",N39A1,Yes,11/2/08,34.6,17.2,189.0,3200.0,A_80,FEMALE
PAL0809,82,Adelie,Anvers,Torgersen,"Adult, 1 Egg Stage",N39A2,Yes,11/2/08,42.9,17.6,196.0,4700.0,A_81,MALE
PAL0809,83,Adelie,Anvers,Torgersen,"Adult, 1 Egg Stage",N40A1,Yes,11/7/08,36.7,18.8,187.0,3800.0,A_82,FEMALE
PAL0809,84,Adelie,Anvers,Torgersen,"Adult, 1 Egg Stage",N40A2,Yes,11/7/08,35.1,19.4,193.0,4200.0,A_83,MALE
PAL0809,85,Adelie,Anvers,Dream,"Adult, 1 Egg Stage",N41A1,Yes,11/17/08,37.3,17.8,191.0,3350.0,A_84,FEMALE
PAL0809,86,Adelie,Anvers,Dream,"Adult, 1 Egg Stage",N41A2,Yes,11/17/08,41.3,20.3,194.0,3550.0,A_85,MALE
PAL0809,87,Adelie,Anvers,Dream,"Adult, 1 Egg Stage",N42A1,Yes,11/8/08,36.3,19.5,190.0,3800.0,A_86,MALE
PAL0809,88,Adelie,Anvers,Dream,"Adult, 1 Egg Stage",N42A2,Yes,11/8/08,36.9,18.6,189.0,3500.0,A_87,FEMALE
PAL0809,89,Adelie,Anvers,Dream,"Adult, 1 Egg Stage",N44A1,Yes,11/8/08,38.3,19.2,189.0,3950.0,A_88,MALE
PAL0809,90,Adelie,Anvers,Dream,"Adult, 1 Egg Stage",N44A2,Yes,11/8/08,38.9,18.8,190.0,3600.0,A_89,FEMALE
PAL0809,91,Adelie,Anvers,Dream,"Adult, 1 Egg Stage",N45A1,Yes,11/14/08,35.7,18.0,202.0,3550.0,A_90,FEMALE
PAL0809,92,Adelie,Anvers,Dream,"Adult, 1 Egg Stage",N45A2,Yes,11/14/08,41.1,18.1,205.0,4300.0,A_91,MALE
PAL0809,93,Adelie,Anvers,Dream,"Adult, 1 Egg Stage",N46A1,Yes,11/5/08,34.0,17.1,185.0,3400.0,A_92,FEMALE
PAL0809,94,Adelie,Anvers,Dream,"Adult, 1 Egg Stage",N46A2,Yes,11/5/08,39.6,18.1,186.0,4450.0,A_93,MALE
PAL0809,95,Adelie,Anvers,Dream,"Adult, 1 Egg Stage",N48A1,Yes,11/17/08,36.2,17.3,187.0,3300.0,A_94,FEMALE
PAL0809,96,Adelie,Anvers,Dream,"Adult, 1 Egg Stage",N48A2,Yes,11/17/08,40.8,18.9,208.0,4300.0,A_95,MALE
PAL0809,97,Adelie,Anvers,Dream,"Adult, 1 Egg Stage",N49A1,Yes,11/8/08,38.1,18.6,190.0,3700.0,A_96,FEMALE
PAL0809,98,Adelie,Anvers,Dream,"Adult, 1 Egg Stage",N49A2,Yes,11/8/08,40.3,18.5,196.0,4350.0,A_97,MALE
PAL0809,99,Adelie,Anvers,Dream,"Adult, 1 Egg Stage",N50A1,Yes,11/10/08,33.1,16.1,178.0,2900.0,A_98,FEMALE
PAL0809,100,Adelie,Anvers,Dream,"Adult, 1 Egg Stage",N50A2,Yes,11/10/08,43.2,18.5,192.0,4100.0,A_99,MALE
PAL0910,101,Adelie,Anvers,Biscoe,"Adult, 1 Egg Stage",N47A1,Yes,11/9/09,35.0,17.9,192.0,3725.0,A_100,FEMALE
PAL0910,102,Adelie,Anvers,Biscoe,"Adult, 1 Egg Stage",N47A2,Yes,11/9/09,41.0,20.0,203.0,4725.0,A_101,MALE
PAL0910,103,Adelie,Anvers,Biscoe,"Adult, 1 Egg Stage",N49A1,Yes,11/15/09,37.7,16.0,183.0,3075.0,A_102,FEMALE
PAL0910,104,Adelie,Anvers,Biscoe,"Adult, 1 Egg Stage",N49A2,Yes,11/15/09,37.8,20.0,190.0,4250.0,A_103,MALE
PAL0910,105,Adelie,Anvers,Biscoe,"Adult, 1 Egg Stage",N51A1,Yes,11/15/09,37.9,18.6,193.0,2925.0,A_104,FEMALE
PAL0910,106,Adelie,Anvers,Biscoe,"Adult, 1 Egg Stage",N51A2,Yes,11/15/09,39.7,18.9,184.0,3550.0,A_105,MALE
PAL0910,107,Adelie,Anvers,Biscoe,"Adult, 1 Egg Stage",N53A1,Yes,11/15/09,38.6,17.2,199.0,3750.0,A_106,FEMALE
PAL0910,108,Adelie,Anvers,Biscoe,"Adult, 1 Egg Stage",N53A2,Yes,11/15/09,38.2,20.0,190.0,3900.0,A_107,MALE
PAL0910,109,Adelie,Anvers,Biscoe,"Adult, 1 Egg Stage",N55A1,Yes,11/20/09,38.1,17.0,181.0,3175.0,A_108,FEMALE
PAL0910,110,Adelie,Anvers,Biscoe,"Adult, 1 Egg Stage",N55A2,Yes,11/20/09,43.2,19.0,197.0,4775.0,A_109,MALE
PAL0910,111,Adelie,Anvers,Biscoe,"Adult, 1 Egg Stage",N58A1,Yes,11/12/09,38.1,16.5,198.0,3825.0,A_110,FEMALE
PAL0910,112,Adelie,Anvers,Biscoe,"Adult, 1 Egg Stage",N58A2,Yes,11/12/09,45.6,20.3,191.0,4600.0,A_111,MALE
PAL0910,113,Adelie,Anvers,Biscoe,"Adult, 1 Egg Stage",N60A1,Yes,11/15/09,39.7,17.7,193.0,3200.0,A_112,FEMALE
PAL0910,114,Adelie,Anvers,Biscoe,"Adult, 1 Egg Stage",N60A2,Yes,11/15/09,42.2,19.5,197.0,4275.0,A_113,MALE
PAL0910,115,Adelie,Anvers,Biscoe,"Adult, 1 Egg Stage",N61A1,Yes,11/17/09,39.6,20.7,191.0,3900.0,A_114,FEMALE
PAL0910,116,Adelie,Anvers,Biscoe,"Adult, 1 Egg Stage",N61A2,Yes,11/17/09,42.7,18.3,196.0,4075.0,A_115,MALE
PAL0910,117,Adelie,Anvers,Torgersen,"Adult, 1 Egg Stage",N63A1,Yes,11/18/09,38.6,17.0,188.0,2900.0,A_116,FEMALE
PAL0910,118,Adelie,Anvers,Torgersen,"Adult, 1 Egg Stage",N63A2,Yes,11/18/09,37.3,20.5,199.0,3775.0,A_117,MALE
PAL0910,119,Adelie,Anvers,Torgersen,"Adult, 1 Egg Stage",N64A1,Yes,11/22/09,35.7,17.0,189.0,3350.0,A_118,FEMALE
PAL0910,120,Adelie,Anvers,Torgersen,"Adult, 1 Egg Stage",N64A2,Yes,11/22/09,41.1,18.6,189.0,3325.0,A_119,MALE
PAL0910,121,Adelie,Anvers,Torgersen,"Adult, 1 Egg Stage",N66A1,No,11/17/09,36.2,17.2,187.0,3150.0,A_120,FEMALE
PAL0910,122,Adelie,Anvers,Torgersen,"Adult, 1 Egg Stage",N66A2,No,11/17/09,37.7,19.8,198.0,3500.0,A_121,MALE
PAL0910,123,Adelie,Anvers,Torgersen,"Adult, 1 Egg Stage",N67A1,Yes,11/16/09,40.2,17.0,176.0,3450.0,A_122,FEMALE
PAL0910,124,Adelie,Anvers,Torgersen,"Adult, 1 Egg Stage",N67A2,Yes,11/16/09,41.4,18.5,202.0,3875.0,A_123,MALE
PAL0910,125,Adelie,Anvers,Torgersen,"Adult, 1 Egg Stage",N69A1,Yes,11/18/09,35.2,15.9,186.0,3050.0,A_124,FEMALE
PAL0910,126,Adelie,Anvers,Torgersen,"Adult, 1 Egg Stage",N69A2,Yes,11/18/09,40.6,19.0,199.0,4000.0,A_125,MALE
PAL0910,127,Adelie,Anvers,Torgersen,"Adult, 1 Egg Stage",N71A1,Yes,11/21/09,38.8,17.6,191.0,3275.0,A_126,FEMALE
PAL0910,128,Adelie,Anvers,Torgersen,"Adult, 1 Egg Stage",N71A2,Yes,11/21/09,41.5,18.3,195.0,4300.0,A_127,MALE
PAL0910,129,Adelie,Anvers,Torgersen,"Adult, 1 Egg Stage",N72A1,Yes,11/18/09,39.0,17.1,191.0,3050.0,A_128,FEMALE
PAL0910,130,Adelie,Anvers,Torgersen,"Adult, 1 Egg Stage",N72A2,Yes,11/18/09,44.1,18.0,210.0,4000.0,A_129,MALE
PAL0910,131,Adelie,Anvers,Torgersen,"Adult, 1 Egg Stage",N73A1,No,11/23/09,38.5,17.9,190.0,3325.0,A_130,FEMALE
PAL0910,132,Adelie,Anvers,Torgersen,"Adult, 1 Egg Stage",N73A2,No,11/23/09,43.1,19.2,197.0,3500.0,A_131,MALE
PAL0910,133,Adelie,Anvers,Dream,"Adult, 1 Egg Stage",N76A1,Yes,11/10/09,36.8,18.5,193.0,3500.0,A_132,FEMALE
PAL0910,134,Adelie,Anvers,Dream,"Adult, 1 Egg Stage",N76A2,Yes,11/10/09,37.5,18.5,199.0,4475.0,A_133,MALE
PAL0910,135,Adelie,Anvers,Dream,"Adult, 1 Egg Stage",N77A1,Yes,11/13/09,38.1,17.6,187.0,3425.0,A_134,FEMALE
PAL0910,136,Adelie,Anvers,Dream,"Adult, 1 Egg Stage",N77A2,Yes,11/13/09,41.1,17.5,190.0,3900.0,A_135,MALE
PAL0910,137,Adelie,Anvers,Dream,"Adult, 1 Egg Stage",N78A1,Yes,11/16/09,35.6,17.5,191.0,3175.0,A_136,FEMALE
PAL0910,138,Adelie,Anvers,Dream,"Adult, 1 Egg Stage",N78A2,Yes,11/16/09,40.2,20.1,200.0,3975.0,A_137,MALE
PAL0910,139,Adelie,Anvers,Dream,"Adult, 1 Egg Stage",N79A1,No,11/16/09,37.0,16.5,185.0,3400.0,A_138,FEMALE
PAL0910,140,Adelie,Anvers,Dream,"Adult, 1 Egg Stage",N79A2,No,11/16/09,39.7,17.9,193.0,4250.0,A_139,MALE
PAL0910,141,Adelie,Anvers,Dream,"Adult, 1 Egg Stage",N80A1,Yes,11/14/09,40.2,17.1,193.0,3400.0,A_140,FEMALE
PAL0910,142,Adelie,Anvers,Dream,"Adult, 1 Egg Stage",N80A2,Yes,11/14/09,40.6,17.2,187.0,3475.0,A_141,MALE
PAL0910,143,Adelie,Anvers,Dream,"Adult, 1 Egg Stage",N81A1,Yes,11/16/09,32.1,15.5,188.0,3050.0,A_142,FEMALE
PAL0910,144,Adelie,Anvers,Dream,"Adult, 1 Egg Stage",N81A2,Yes,11/16/09,40.7,17.0,190.0,3725.0,A_143,MALE
PAL0910,145,Adelie,Anvers,Dream,"Adult, 1 Egg Stage",N82A1,Yes,11/16/09,37.3,16.8,192.0,3000.0,A_144,FEMALE
PAL0910,146,Adelie,Anvers,Dream,"Adult, 1 Egg Stage",N82A2,Yes,11/16/09,39.0,18.7,185.0,3650.0,A_145,MALE
PAL0910,147,Adelie,Anvers,Dream,"Adult, 1 Egg Stage",N83A1,Yes,11/13/09,39.2,18.6,190.0,4250.0,A_146,MALE
PAL0910,148,Adelie,Anvers,Dream,"Adult, 1 Egg Stage",N83A2,Yes,11/13/09,36.6,18.4,184.0,3475.0,A_147,FEMALE
PAL0910,149,Adelie,Anvers,Dream,"Adult, 1 Egg Stage",N84A1,Yes,11/17/09,36.0,17.8,195.0,3450.0,A_148,FEMALE
PAL0910,150,Adelie,Anvers,Dream,"Adult, 1 Egg Stage",N84A2,Yes,11/17/09,37.8,18.1,193.0,3750.0,A_149,MALE
PAL0910,151,Adelie,Anvers,Dream,"Adult, 1 Egg Stage",N85A1,Yes,11/17/09,36.0,17.1,187.0,3700.0,A_150,FEMALE
PAL0910,152,Adelie,Anvers,Dream,"Adult, 1 Egg Stage",N85A2,Yes,11/17/09,41.5,18.5,201.0,4000.0,A_151,MALE
PAL0708,1,Chinstrap,Anvers,Dream,"Adult, 1 Egg Stage",N61A1,No,11/19/07,46.5,17.9,192.0,3500.0,C_152,FEMALE
PAL0708,2,Chinstrap,Anvers,Dream,"Adult, 1 Egg Stage",N61A2,No,11/19/07,50.0,19.5,196.0,3900.0,C_153,MALE
PAL0708,3,Chinstrap,Anvers,Dream,"Adult, 1 Egg Stage",N62A1,Yes,11/26/07,51.3,19.2,193.0,3650.0,C_154,MALE
PAL0708,4,Chinstrap,Anvers,Dream,"Adult, 1 Egg Stage",N62A2,Yes,11/26/07,45.4,18.7,188.0,3525.0,C_155,FEMALE
PAL0708,5,Chinstrap,Anvers,Dream,"Adult, 1 Egg Stage",N64A1,Yes,11/21/07,52.7,19.8,197.0,3725.0,C_156,MALE
PAL0708,6,Chinstrap,Anvers,Dream,"Adult, 1 Egg Stage",N64A2,Yes,11/21/07,45.2,17.8,198.0,3950.0,C_157,FEMALE
PAL0708,7,Chinstrap,Anvers,Dream,"Adult, 1 Egg Stage",N66A1,Yes,11/28/07,46.1,18.2,178.0,3250.0,C_158,FEMALE
PAL0708,8,Chinstrap,Anvers,Dream,"Adult, 1 Egg Stage",N66A2,Yes,11/28/07,51.3,18.2,197.0,3750.0,C_159,MALE
PAL0708,9,Chinstrap,Anvers,Dream,"Adult, 1 Egg Stage",N67A1,Yes,11/21/07,46.0,18.9,195.0,4150.0,C_160,FEMALE
PAL0708,10,Chinstrap,Anvers,Dream,"Adult, 1 Egg Stage",N67A2,Yes,11/21/07,51.3,19.9,198.0,3700.0,C_161,MALE
PAL0708,11,Chinstrap,Anvers,Dream,"Adult, 1 Egg Stage",N68A1,Yes,11/28/07,46.6,17.8,193.0,3800.0,C_162,FEMALE
PAL0708,12,Chinstrap,Anvers,Dream,"Adult, 1 Egg Stage",N68A2,Yes,11/28/07,51.7,20.3,194.0,3775.0,C_163,MALE
PAL0708,13,Chinstrap,Anvers,Dream,"Adult, 1 Egg Stage",N69A1,Yes,11/26/07,47.0,17.3,185.0,3700.0,C_164,FEMALE
PAL0708,14,Chinstrap,Anvers,Dream,"Adult, 1 Egg Stage",N69A2,Yes,11/26/07,52.0,18.1,201.0,4050.0,C_165,MALE
PAL0708,15,Chinstrap,Anvers,Dream,"Adult, 1 Egg Stage",N70A1,Yes,11/22/07,45.9,17.1,190.0,3575.0,C_166,FEMALE
PAL0708,16,Chinstrap,Anvers,Dream,"Adult, 1 Egg Stage",N70A2,Yes,11/22/07,50.5,19.6,201.0,4050.0,C_167,MALE
PAL0708,17,Chinstrap,Anvers,Dream,"Adult, 1 Egg Stage",N71A1,No,11/30/07,50.3,20.0,197.0,3300.0,C_168,MALE
PAL0708,18,Chinstrap,Anvers,Dream,"Adult, 1 Egg Stage",N71A2,No,11/30/07,58.0,17.8,181.0,3700.0,C_169,FEMALE
PAL0708,19,Chinstrap,Anvers,Dream,"Adult, 1 Egg Stage",N72A1,Yes,11/30/07,46.4,18.6,190.0,3450.0,C_170,FEMALE
PAL0708,20,Chinstrap,Anvers,Dream,"Adult, 1 Egg Stage",N72A2,Yes,11/30/07,49.2,18.2,195.0,4400.0,C_171,MALE
PAL0708,21,Chinstrap,Anvers,Dream,"Adult, 1 Egg Stage",N73A1,Yes,12/3/07,42.4,17.3,181.0,3600.0,C_172,FEMALE
PAL0708,22,Chinstrap,Anvers,Dream,"Adult, 1 Egg Stage",N73A2,Yes,12/3/07,48.5,17.5,191.0,3400.0,C_173,MALE
PAL0708,23,Chinstrap,Anvers,Dream,"Adult, 1 Egg Stage",N85A1,No,11/28/07,43.2,16.6,187.0,2900.0,C_174,FEMALE
PAL0708,24,Chinstrap,Anvers,Dream,"Adult, 1 Egg Stage",N85A2,No,11/28/07,50.6,19.4,193.0,3800.0,C_175,MALE
PAL0708,25,Chinstrap,Anvers,Dream,"Adult, 1 Egg Stage",N89A1,No,11/28/07,46.7,17.9,195.0,3300.0,C_176,FEMALE
PAL0708,26,Chinstrap,Anvers,Dream,"Adult, 1 Egg Stage",N89A2,No,11/28/07,52.0,19.0,197.0,4150.0,C_177,MALE
PAL0809,27,Chinstrap,Anvers,Dream,"Adult, 1 Egg Stage",N61A1,No,11/25/08,50.5,18.4,200.0,3400.0,C_178,FEMALE
PAL0809,28,Chinstrap,Anvers,Dream,"Adult, 1 Egg Stage",N61A2,No,11/25/08,49.5,19.0,200.0,3800.0,C_179,MALE
PAL0809,29,Chinstrap,Anvers,Dream,"Adult, 1 Egg Stage",N62A1,Yes,11/14/08,46.4,17.8,191.0,3700.0,C_180,FEMALE
PAL0809,30,Chinstrap,Anvers,Dream,"Adult, 1 Egg Stage",N62A2,Yes,11/14/08,52.8,20.0,205.0,4550.0,C_181,MALE
PAL0809,31,Chinstrap,Anvers,Dream,"Adult, 1 Egg Stage",N63A1,Yes,11/24/08,40.9,16.6,187.0,3200.0,C_182,FEMALE
PAL0809,32,Chinstrap,Anvers,Dream,"Adult, 1 Egg Stage",N63A2,Yes,11/24/08,54.2,20.8,201.0,4300.0,C_183,MALE
PAL0809,33,Chinstrap,Anvers,Dream,"Adult, 1 Egg Stage",N65A1,Yes,11/24/08,42.5,16.7,187.0,3350.0,C_184,FEMALE
PAL0809,34,Chinstrap,Anvers,Dream,"Adult, 1 Egg Stage",N65A2,Yes,11/24/08,51.0,18.8,203.0,4100.0,C_185,MALE
PAL0809,35,Chinstrap,Anvers,Dream,"Adult, 1 Egg Stage",N67A1,Yes,11/25/08,49.7,18.6,195.0,3600.0,C_186,MALE
PAL0809,36,Chinstrap,Anvers,Dream,"Adult, 1 Egg Stage",N67A2,Yes,11/25/08,47.5,16.8,199.0,3900.0,C_187,FEMALE
PAL0809,37,Chinstrap,Anvers,Dream,"Adult, 1 Egg Stage",N69A1,Yes,11/14/08,47.6,18.3,195.0,3850.0,C_188,FEMALE
PAL0809,38,Chinstrap,Anvers,Dream,"Adult, 1 Egg Stage",N69A2,Yes,11/14/08,52.0,20.7,210.0,4800.0,C_189,MALE
PAL0809,39,Chinstrap,Anvers,Dream,"Adult, 1 Egg Stage",N72A1,No,11/24/08,46.9,16.6,192.0,2700.0,C_190,FEMALE
PAL0809,40,Chinstrap,Anvers,Dream,"Adult, 1 Egg Stage",N72A2,No,11/24/08,53.5,19.9,205.0,4500.0,C_191,MALE
PAL0809,41,Chinstrap,Anvers,Dream,"Adult, 1 Egg Stage",N74A1,Yes,11/24/08,49.0,19.5,210.0,3950.0,C_192,MALE
PAL0809,42,Chinstrap,Anvers,Dream,"Adult, 1 Egg Stage",N74A2,Yes,11/24/08,46.2,17.5,187.0,3650.0,C_193,FEMALE
PAL0809,43,Chinstrap,Anvers,Dream,"Adult, 1 Egg Stage",N75A1,Yes,11/14/08,50.9,19.1,196.0,3550.0,C_194,MALE
PAL0809,44,Chinstrap,Anvers,Dream,"Adult, 1 Egg Stage",N75A2,Yes,11/14/08,45.5,17.0,196.0,3500.0,C_195,FEMALE
PAL0910,45,Chinstrap,Anvers,Dream,"Adult, 1 Egg Stage",N86A1,Yes,11/17/09,50.9,17.9,196.0,3675.0,C_196,FEMALE
PAL0910,46,Chinstrap,Anvers,Dream,"Adult, 1 Egg Stage",N86A2,Yes,11/17/09,50.8,18.5,201.0,4450.0,C_197,MALE
PAL0910,47,Chinstrap,Anvers,Dream,"Adult, 1 Egg Stage",N87A1,Yes,11/27/09,50.1,17.9,190.0,3400.0,C_198,FEMALE
PAL0910,48,Chinstrap,Anvers,Dream,"Adult, 1 Egg Stage",N87A2,Yes,11/27/09,49.0,19.6,212.0,4300.0,C_199,MALE
PAL0910,49,Chinstrap,Anvers,Dream,"Adult, 1 Egg Stage",N88A1,Yes,11/23/09,51.5,18.7,187.0,3250.0,C_200,MALE
PAL0910,50,Chinstrap,Anvers,Dream,"Adult, 1 Egg Stage",N88A2,Yes,11/23/09,49.8,17.3,198.0,3675.0,C_201,FEMALE
PAL0910,51,Chinstrap,Anvers,Dream,"Adult, 1 Egg Stage",N90A1,Yes,11/21/09,48.1,16.4,199.0,3325.0,C_202,FEMALE
PAL0910,52,Chinstrap,Anvers,Dream,"Adult, 1 Egg Stage",N90A2,Yes,11/21/09,51.4,19.0,201.0,3950.0,C_203,MALE
PAL0910,53,Chinstrap,Anvers,Dream,"Adult, 1 Egg Stage",N92A1,Yes,11/23/09,45.7,17.3,193.0,3600.0,C_204,FEMALE
PAL0910,54,Chinstrap,Anvers,Dream,"Adult, 1 Egg Stage",N92A2,Yes,11/23/09,50.7,19.7,203.0,4050.0,C_205,MALE
PAL0910,55,Chinstrap,Anvers,Dream,"Adult, 1 Egg Stage",N93A1,Yes,11/27/09,42.5,17.3,187.0,3350.0,C_206,FEMALE
PAL0910,56,Chinstrap,Anvers,Dream,"Adult, 1 Egg Stage",N93A2,Yes,11/27/09,52.2,18.8,197.0,3450.0,C_207,MALE
PAL0910,57,Chinstrap,Anvers,Dream,"Adult, 1 Egg Stage",N94A1,Yes,11/21/09,45.2,16.6,191.0,3250.0,C_208,FEMALE
PAL0910,58,Chinstrap,Anvers,Dream,"Adult, 1 Egg Stage",N94A2,Yes,11/21/09,49.3,19.9,203.0,4050.0,C_209,MALE
PAL0910,59,Chinstrap,Anvers,Dream,"Adult, 1 Egg Stage",N95A1,Yes,11/21/09,50.2,18.8,202.0,3800.0,C_210,MALE
PAL0910,60,Chinstrap,Anvers,Dream,"Adult, 1 Egg Stage",N95A2,Yes,11/21/09,45.6,19.4,194.0,3525.0,C_211,FEMALE
PAL0910,61,Chinstrap,Anvers,Dream,"Adult, 1 Egg Stage",N96A1,Yes,11/27/09,51.9,19.5,206.0,3950.0,C_212,MALE
PAL0910,62,Chinstrap,Anvers,Dream,"Adult, 1 Egg Stage",N96A2,Yes,11/27/09,46.8,16.5,189.0,3650.0,C_213,FEMALE
PAL0910,63,Chinstrap,Anvers,Dream,"Adult, 1 Egg Stage",N98A1,Yes,11/19/09,45.7,17.0,195.0,3650.0,C_214,FEMALE
PAL0910,64,Chinstrap,Anvers,Dream,"Adult, 1 Egg Stage",N98A2,Yes,11/19/09,55.8,19.8,207.0,4000.0,C_215,MALE
PAL0910,65,Chinstrap,Anvers,Dream,"Adult, 1 Egg Stage",N99A1,No,11/21/09,43.5,18.1,202.0,3400.0,C_216,FEMALE
PAL0910,66,Chinstrap,Anvers,Dream,"Adult, 1 Egg Stage",N99A2,No,11/21/09,49.6,18.2,193.0,3775.0,C_217,MALE
PAL0910,67,Chinstrap,Anvers,Dream,"Adult, 1 Egg Stage",N100A1,Yes,11/21/09,50.8,19.0,210.0,4100.0,C_218,MALE
PAL0910,68,Chinstrap,Anvers,Dream,"Adult, 1 Egg Stage",N100A2,Yes,11/21/09,50.2,18.7,198.0,3775.0,C_219,FEMALE
PAL0708,1,Gentoo,Anvers,Biscoe,"Adult, 1 Egg Stage",N31A1,Yes,11/27/07,46.1,13.2,211.0,4500.0,G_220,FEMALE
PAL0708,2,Gentoo,Anvers,Biscoe,"Adult, 1 Egg Stage",N31A2,Yes,11/27/07,50.0,16.3,230.0,5700.0,G_221,MALE
PAL0708,3,Gentoo,Anvers,Biscoe,"Adult, 1 Egg Stage",N32A1,Yes,11/27/07,48.7,14.1,210.0,4450.0,G_222,FEMALE
PAL0708,4,Gentoo,Anvers,Biscoe,"Adult, 1 Egg Stage",N32A2,Yes,11/27/07,50.0,15.2,218.0,5700.0,G_223,MALE
PAL0708,5,Gentoo,Anvers,Biscoe,"Adult, 1 Egg Stage",N33A1,Yes,11/18/07,47.6,14.5,215.0,5400.0,G_224,MALE
PAL0708,6,Gentoo,Anvers,Biscoe,"Adult, 1 Egg Stage",N33A2,Yes,11/18/07,46.5,13.5,210.0,4550.0,G_225,FEMALE
PAL0708,7,Gentoo,Anvers,Biscoe,"Adult, 1 Egg Stage",N34A1,Yes,11/27/07,45.4,14.6,211.0,4800.0,G_226,FEMALE
PAL0708,8,Gentoo,Anvers,Biscoe,"Adult, 1 Egg Stage",N34A2,Yes,11/27/07,46.7,15.3,219.0,5200.0,G_227,MALE
PAL0708,9,Gentoo,Anvers,Biscoe,"Adult, 1 Egg Stage",N35A1,Yes,11/27/07,43.3,13.4,209.0,4400.0,G_228,FEMALE
PAL0708,10,Gentoo,Anvers,Biscoe,"Adult, 1 Egg Stage",N35A2,Yes,11/27/07,46.8,15.4,215.0,5150.0,G_229,MALE
PAL0708,11,Gentoo,Anvers,Biscoe,"Adult, 1 Egg Stage",N36A1,No,11/27/07,40.9,13.7,214.0,4650.0,G_230,FEMALE
PAL0708,12,Gentoo,Anvers,Biscoe,"Adult, 1 Egg Stage",N36A2,No,11/27/07,49.0,16.1,216.0,5550.0,G_231,MALE
PAL0708,13,Gentoo,Anvers,Biscoe,"Adult, 1 Egg Stage",N37A1,Yes,11/29/07,45.5,13.7,214.0,4650.0,G_232,FEMALE
PAL0708,14,Gentoo,Anvers,Biscoe,"Adult, 1 Egg Stage",N37A2,Yes,11/29/07,48.4,14.6,213.0,5850.0,G_233,MALE
PAL0708,15,Gentoo,Anvers,Biscoe,"Adult, 1 Egg Stage",N38A1,Yes,12/3/07,45.8,14.6,210.0,4200.0,G_234,FEMALE
PAL0708,16,Gentoo,Anvers,Biscoe,"Adult, 1 Egg Stage",N38A2,Yes,12/3/07,49.3,15.7,217.0,5850.0,G_235,MALE
PAL0708,17,Gentoo,Anvers,Biscoe,"Adult, 1 Egg Stage",N39A1,Yes,11/27/07,42.0,13.5,210.0,4150.0,G_236,FEMALE
PAL0708,18,Gentoo,Anvers,Biscoe,"Adult, 1 Egg Stage",N39A2,Yes,11/27/07,49.2,15.2,221.0,6300.0,G_237,MALE
PAL0708,19,Gentoo,Anvers,Biscoe,"Adult, 1 Egg Stage",N40A1,Yes,11/27/07,46.2,14.5,209.0,4800.0,G_238,FEMALE
PAL0708,20,Gentoo,Anvers,Biscoe,"Adult, 1 Egg Stage",N40A2,Yes,11/27/07,48.7,15.1,222.0,5350.0,G_239,MALE
PAL0708,21,Gentoo,Anvers,Biscoe,"Adult, 1 Egg Stage",N41A1,Yes,11/27/07,50.2,14.3,218.0,5700.0,G_240,MALE
PAL0708,22,Gentoo,Anvers,Biscoe,"Adult, 1 Egg Stage",N41A2,Yes,11/27/07,45.1,14.5,215.0,5000.0,G_241,FEMALE
PAL0708,23,Gentoo,Anvers,Biscoe,"Adult, 1 Egg Stage",N42A1,Yes,11/27/07,46.5,14.5,213.0,4400.0,G_242,FEMALE
PAL0708,24,Gentoo,Anvers,Biscoe,"Adult, 1 Egg Stage",N42A2,Yes,11/27/07,46.3,15.8,215.0,5050.0,G_243,MALE
PAL0708,25,Gentoo,Anvers,Biscoe,"Adult, 1 Egg Stage",N44A1,Yes,11/29/07,42.9,13.1,215.0,5000.0,G_244,FEMALE
PAL0708,26,Gentoo,Anvers,Biscoe,"Adult, 1 Egg Stage",N44A2,Yes,11/29/07,46.1,15.1,215.0,5100.0,G_245,MALE
PAL0708,27,Gentoo,Anvers,Biscoe,"Adult, 1 Egg Stage",N46A1,Yes,11/29/07,44.5,14.3,216.0,4100.0,G_246,
PAL0708,28,Gentoo,Anvers,Biscoe,"Adult, 1 Egg Stage",N46A2,Yes,11/29/07,47.8,15.0,215.0,5650.0,G_247,MALE
PAL0708,29,Gentoo,Anvers,Biscoe,"Adult, 1 Egg Stage",N47A1,Yes,11/29/07,48.2,14.3,210.0,4600.0,G_248,FEMALE
PAL0708,30,Gentoo,Anvers,Biscoe,"Adult, 1 Egg Stage",N47A2,Yes,11/29/07,50.0,15.3,220.0,5550.0,G_249,MALE
PAL0708,31,Gentoo,Anvers,Biscoe,"Adult, 1 Egg Stage",N50A1,Yes,11/29/07,47.3,15.3,222.0,5250.0,G_250,MALE
PAL0708,32,Gentoo,Anvers,Biscoe,"Adult, 1 Egg Stage",N50A2,Yes,11/29/07,42.8,14.2,209.0,4700.0,G_251,FEMALE
PAL0708,33,Gentoo,Anvers,Biscoe,"Adult, 1 Egg Stage",N56A1,Yes,12/3/07,45.1,14.5,207.0,5050.0,G_252,FEMALE
PAL0708,34,Gentoo,Anvers,Biscoe,"Adult, 1 Egg Stage",N56A2,Yes,12/3/07,59.6,17.0,230.0,6050.0,G_253,MALE
PAL0809,35,Gentoo,Anvers,Biscoe,"Adult, 1 Egg Stage",N2A1,Yes,11/13/08,49.1,14.8,220.0,5150.0,G_254,FEMALE
PAL0809,36,Gentoo,Anvers,Biscoe,"Adult, 1 Egg Stage",N2A2,Yes,11/13/08,48.4,16.3,220.0,5400.0,G_255,MALE
PAL0809,37,Gentoo,Anvers,Biscoe,"Adult, 1 Egg Stage",N4A1,Yes,11/2/08,42.6,13.7,213.0,4950.0,G_256,FEMALE
PAL0809,38,Gentoo,Anvers,Biscoe,"Adult, 1 Egg Stage",N4A2,Yes,11/2/08,44.4,17.3,219.0,5250.0,G_257,MALE
PAL0809,39,Gentoo,Anvers,Biscoe,"Adult, 1 Egg Stage",N5A1,Yes,11/9/08,44.0,13.6,208.0,4350.0,G_258,FEMALE
PAL0809,40,Gentoo,Anvers,Biscoe,"Adult, 1 Egg Stage",N5A2,Yes,11/9/08,48.7,15.7,208.0,5350.0,G_259,MALE
PAL0809,41,Gentoo,Anvers,Biscoe,"Adult, 1 Egg Stage",N6A1,No,11/4/08,42.7,13.7,208.0,3950.0,G_260,FEMALE
PAL0809,42,Gentoo,Anvers,Biscoe,"Adult, 1 Egg Stage",N6A2,No,11/4/08,49.6,16.0,225.0,5700.0,G_261,MALE
PAL0809,43,Gentoo,Anvers,Biscoe,"Adult, 1 Egg Stage",N7A1,Yes,11/4/08,45.3,13.7,210.0,4300.0,G_262,FEMALE
PAL0809,44,Gentoo,Anvers,Biscoe,"Adult, 1 Egg Stage",N7A2,Yes,11/4/08,49.6,15.0,216.0,4750.0,G_263,MALE
PAL0809,45,Gentoo,Anvers,Biscoe,"Adult, 1 Egg Stage",N8A1,Yes,11/3/08,50.5,15.9,222.0,5550.0,G_264,MALE
PAL0809,46,Gentoo,Anvers,Biscoe,"Adult, 1 Egg Stage",N8A2,Yes,11/3/08,43.6,13.9,217.0,4900.0,G_265,FEMALE
PAL0809,47,Gentoo,Anvers,Biscoe,"Adult, 1 Egg Stage",N11A1,No,11/9/08,45.5,13.9,210.0,4200.0,G_266,FEMALE
PAL0809,48,Gentoo,Anvers,Biscoe,"Adult, 1 Egg Stage",N11A2,No,11/9/08,50.5,15.9,225.0,5400.0,G_267,MALE
PAL0809,49,Gentoo,Anvers,Biscoe,"Adult, 1 Egg Stage",N12A1,Yes,11/2/08,44.9,13.3,213.0,5100.0,G_268,FEMALE
PAL0809,50,Gentoo,Anvers,Biscoe,"Adult, 1 Egg Stage",N12A2,Yes,11/2/08,45.2,15.8,215.0,5300.0,G_269,MALE
PAL0809,51,Gentoo,Anvers,Biscoe,"Adult, 1 Egg Stage",N13A1,Yes,11/4/08,46.6,14.2,210.0,4850.0,G_270,FEMALE
PAL0809,52,Gentoo,Anvers,Biscoe,"Adult, 1 Egg Stage",N13A2,Yes,11/4/08,48.5,14.1,220.0,5300.0,G_271,MALE
PAL0809,53,Gentoo,Anvers,Biscoe,"Adult, 1 Egg Stage",N14A1,Yes,11/4/08,45.1,14.4,210.0,4400.0,G_272,FEMALE
PAL0809,54,Gentoo,Anvers,Biscoe,"Adult, 1 Egg Stage",N14A2,Yes,11/4/08,50.1,15.0,225.0,5000.0,G_273,MALE
PAL0809,55,Gentoo,Anvers,Biscoe,"Adult, 1 Egg Stage",N15A1,Yes,11/4/08,46.5,14.4,217.0,4900.0,G_274,FEMALE
PAL0809,56,Gentoo,Anvers,Biscoe,"Adult, 1 Egg Stage",N15A2,Yes,11/4/08,45.0,15.4,220.0,5050.0,G_275,MALE
PAL0809,57,Gentoo,Anvers,Biscoe,"Adult, 1 Egg Stage",N16A1,Yes,11/3/08,43.8,13.9,208.0,4300.0,G_276,FEMALE
PAL0809,58,Gentoo,Anvers,Biscoe,"Adult, 1 Egg Stage",N16A2,Yes,11/3/08,45.5,15.0,220.0,5000.0,G_277,MALE
PAL0809,59,Gentoo,Anvers,Biscoe,"Adult, 1 Egg Stage",N17A1,Yes,11/6/08,43.2,14.5,208.0,4450.0,G_278,FEMALE
PAL0809,60,Gentoo,Anvers,Biscoe,"Adult, 1 Egg Stage",N17A2,Yes,11/6/08,50.4,15.3,224.0,5550.0,G_279,MALE
PAL0809,61,Gentoo,Anvers,Biscoe,"Adult, 1 Egg Stage",N18A1,Yes,11/3/08,45.3,13.8,208.0,4200.0,G_280,FEMALE
PAL0809,62,Gentoo,Anvers,Biscoe,"Adult, 1 Egg Stage",N18A2,Yes,11/3/08,46.2,14.9,221.0,5300.0,G_281,MALE
PAL0809,63,Gentoo,Anvers,Biscoe,"Adult, 1 Egg Stage",N19A1,Yes,11/13/08,45.7,13.9,214.0,4400.0,G_282,FEMALE
PAL0809,64,Gentoo,Anvers,Biscoe,"Adult, 1 Egg Stage",N19A2,Yes,11/13/08,54.3,15.7,231.0,5650.0,G_283,MALE
PAL0809,65,Gentoo,Anvers,Biscoe,"Adult, 1 Egg Stage",N20A1,Yes,11/4/08,45.8,14.2,219.0,4700.0,G_284,FEMALE
PAL0809,66,Gentoo,Anvers,Biscoe,"Adult, 1 Egg Stage",N20A2,Yes,11/4/08,49.8,16.8,230.0,5700.0,G_285,MALE
PAL0809,67,Gentoo,Anvers,Biscoe,"Adult, 1 Egg Stage",N51A1,Yes,11/9/08,46.2,14.4,214.0,4650.0,G_286,
PAL0809,68,Gentoo,Anvers,Biscoe,"Adult, 1 Egg Stage",N51A2,Yes,11/9/08,49.5,16.2,229.0,5800.0,G_287,MALE
PAL0809,69,Gentoo,Anvers,Biscoe,"Adult, 1 Egg Stage",N53A1,Yes,11/13/08,43.5,14.2,220.0,4700.0,G_288,FEMALE
PAL0809,70,Gentoo,Anvers,Biscoe,"Adult, 1 Egg Stage",N53A2,Yes,11/13/08,50.7,15.0,223.0,5550.0,G_289,MALE
PAL0809,71,Gentoo,Anvers,Biscoe,"Adult, 1 Egg Stage",N54A1,Yes,11/3/08,47.7,15.0,216.0,4750.0,G_290,FEMALE
PAL0809,72,Gentoo,Anvers,Biscoe,"Adult, 1 Egg Stage",N54A2,Yes,11/3/08,46.4,15.6,221.0,5000.0,G_291,MALE
PAL0809,73,Gentoo,Anvers,Biscoe,"Adult, 1 Egg Stage",N55A1,Yes,11/9/08,48.2,15.6,221.0,5100.0,G_292,MALE
PAL0809,74,Gentoo,Anvers,Biscoe,"Adult, 1 Egg Stage",N55A2,Yes,11/9/08,46.5,14.8,217.0,5200.0,G_293,FEMALE
PAL0809,75,Gentoo,Anvers,Biscoe,"Adult, 1 Egg Stage",N56A1,Yes,11/6/08,46.4,15.0,216.0,4700.0,G_294,FEMALE
PAL0809,76,Gentoo,Anvers,Biscoe,"Adult, 1 Egg Stage",N56A2,Yes,11/6/08,48.6,16.0,230.0,5800.0,G_295,MALE
PAL0809,77,Gentoo,Anvers,Biscoe,"Adult, 1 Egg Stage",N58A1,Yes,11/6/08,47.5,14.2,209.0,4600.0,G_296,FEMALE
PAL0809,78,Gentoo,Anvers,Biscoe,"Adult, 1 Egg Stage",N58A2,Yes,11/6/08,51.1,16.3,220.0,6000.0,G_297,MALE
PAL0809,79,Gentoo,Anvers,Biscoe,"Adult, 1 Egg Stage",N60A1,Yes,11/9/08,45.2,13.8,215.0,4750.0,G_298,FEMALE
PAL0809,80,Gentoo,Anvers,Biscoe,"Adult, 1 Egg Stage",N60A2,Yes,11/9/08,45.2,16.4,223.0,5950.0,G_299,MALE
PAL0910,81,Gentoo,Anvers,Biscoe,"Adult, 1 Egg Stage",N1A1,Yes,11/18/09,49.1,14.5,212.0,4625.0,G_300,FEMALE
PAL0910,82,Gentoo,Anvers,Biscoe,"Adult, 1 Egg Stage",N1A2,Yes,11/18/09,52.5,15.6,221.0,5450.0,G_301,MALE
PAL0910,83,Gentoo,Anvers,Biscoe,"Adult, 1 Egg Stage",N6A1,Yes,11/15/09,47.4,14.6,212.0,4725.0,G_302,FEMALE
PAL0910,84,Gentoo,Anvers,Biscoe,"Adult, 1 Egg Stage",N6A2,Yes,11/15/09,50.0,15.9,224.0,5350.0,G_303,MALE
PAL0910,85,Gentoo,Anvers,Biscoe,"Adult, 1 Egg Stage",N8A1,Yes,11/22/09,44.9,13.8,212.0,4750.0,G_304,FEMALE
PAL0910,86,Gentoo,Anvers,Biscoe,"Adult, 1 Egg Stage",N8A2,Yes,11/22/09,50.8,17.3,228.0,5600.0,G_305,MALE
PAL0910,87,Gentoo,Anvers,Biscoe,"Adult, 1 Egg Stage",N13A1,Yes,11/20/09,43.4,14.4,218.0,4600.0,G_306,FEMALE
PAL0910,88,Gentoo,Anvers,Biscoe,"Adult, 1 Egg Stage",N13A2,Yes,11/20/09,51.3,14.2,218.0,5300.0,G_307,MALE
PAL0910,89,Gentoo,Anvers,Biscoe,"Adult, 1 Egg Stage",N14A1,Yes,11/25/09,47.5,14.0,212.0,4875.0,G_308,FEMALE
PAL0910,90,Gentoo,Anvers,Biscoe,"Adult, 1 Egg Stage",N14A2,Yes,11/25/09,52.1,17.0,230.0,5550.0,G_309,MALE
PAL0910,91,Gentoo,Anvers,Biscoe,"Adult, 1 Egg Stage",N15A1,Yes,11/25/09,47.5,15.0,218.0,4950.0,G_310,FEMALE
PAL0910,92,Gentoo,Anvers,Biscoe,"Adult, 1 Egg Stage",N15A2,Yes,11/25/09,52.2,17.1,228.0,5400.0,G_311,MALE
PAL0910,93,Gentoo,Anvers,Biscoe,"Adult, 1 Egg Stage",N18A1,Yes,12/1/09,45.5,14.5,212.0,4750.0,G_312,FEMALE
PAL0910,94,Gentoo,Anvers,Biscoe,"Adult, 1 Egg Stage",N18A2,Yes,12/1/09,49.5,16.1,224.0,5650.0,G_313,MALE
PAL0910,95,Gentoo,Anvers,Biscoe,"Adult, 1 Egg Stage",N19A1,Yes,11/27/09,44.5,14.7,214.0,4850.0,G_314,FEMALE
PAL0910,96,Gentoo,Anvers,Biscoe,"Adult, 1 Egg Stage",N19A2,Yes,11/27/09,50.8,15.7,226.0,5200.0,G_315,MALE
PAL0910,97,Gentoo,Anvers,Biscoe,"Adult, 1 Egg Stage",N20A1,Yes,11/18/09,49.4,15.8,216.0,4925.0,G_316,MALE
PAL0910,98,Gentoo,Anvers,Biscoe,"Adult, 1 Egg Stage",N20A2,Yes,11/18/09,46.9,14.6,222.0,4875.0,G_317,FEMALE
PAL0910,99,Gentoo,Anvers,Biscoe,"Adult, 1 Egg Stage",N21A1,Yes,11/18/09,48.4,14.4,203.0,4625.0,G_318,FEMALE
PAL0910,100,Gentoo,Anvers,Biscoe,"Adult, 1 Egg Stage",N21A2,Yes,11/18/09,51.1,16.5,225.0,5250.0,G_319,MALE
PAL0910,101,Gentoo,Anvers,Biscoe,"Adult, 1 Egg Stage",N22A1,Yes,11/22/09,48.5,15.0,219.0,4850.0,G_320,FEMALE
PAL0910,102,Gentoo,Anvers,Biscoe,"Adult, 1 Egg Stage",N22A2,Yes,11/22/09,55.9,17.0,228.0,5600.0,G_321,MALE
PAL0910,103,Gentoo,Anvers,Biscoe,"Adult, 1 Egg Stage",N23A1,Yes,11/18/09,47.2,15.5,215.0,4975.0,G_322,FEMALE
PAL0910,104,Gentoo,Anvers,Biscoe,"Adult, 1 Egg Stage",N23A2,Yes,11/18/09,49.1,15.0,228.0,5500.0,G_323,MALE
PAL0910,105,Gentoo,Anvers,Biscoe,"Adult, 1 Egg Stage",N24A1,Yes,12/1/09,47.3,13.8,216.0,4725.0,G_324,
PAL0910,106,Gentoo,Anvers,Biscoe,"Adult, 1 Egg Stage",N24A2,Yes,12/1/09,46.8,16.1,215.0,5500.0,G_325,MALE
PAL0910,107,Gentoo,Anvers,Biscoe,"Adult, 1 Egg Stage",N28A1,Yes,11/10/09,41.7,14.7,210.0,4700.0,G_326,FEMALE
PAL0910,108,Gentoo,Anvers,Biscoe,"Adult, 1 Egg Stage",N28A2,Yes,11/10/09,53.4,15.8,219.0,5500.0,G_327,MALE
PAL0910,109,Gentoo,Anvers,Biscoe,"Adult, 1 Egg Stage",N29A1,Yes,11/9/09,43.3,14.0,208.0,4575.0,G_328,FEMALE
PAL0910,110,Gentoo,Anvers,Biscoe,"Adult, 1 Egg Stage",N29A2,Yes,11/9/09,48.1,15.1,209.0,5500.0,G_329,MALE
PAL0910,111,Gentoo,Anvers,Biscoe,"Adult, 1 Egg Stage",N32A1,Yes,11/20/09,50.5,15.2,216.0,5000.0,G_330,FEMALE
PAL0910,112,Gentoo,Anvers,Biscoe,"Adult, 1 Egg Stage",N32A2,Yes,11/20/09,49.8,15.9,229.0,5950.0,G_331,MALE
PAL0910,113,Gentoo,Anvers,Biscoe,"Adult, 1 Egg Stage",N34A1,Yes,11/27/09,43.5,15.2,213.0,4650.0,G_332,FEMALE
PAL0910,114,Gentoo,Anvers,Biscoe,"Adult, 1 Egg Stage",N34A2,Yes,11/27/09,51.5,16.3,230.0,5500.0,G_333,MALE
PAL0910,115,Gentoo,Anvers,Biscoe,"Adult, 1 Egg Stage",N35A1,Yes,11/25/09,46.2,14.1,217.0,4375.0,G_334,FEMALE
PAL0910,116,Gentoo,Anvers,Biscoe,"Adult, 1 Egg Stage",N35A2,Yes,11/25/09,55.1,16.0,230.0,5850.0,G_335,MALE
PAL0910,117,Gentoo,Anvers,Biscoe,"Adult, 1 Egg Stage",N36A1,Yes,12/1/09,44.5,15.7,217.0,4875.0,G_336,.
PAL0910,118,Gentoo,Anvers,Biscoe,"Adult, 1 Egg Stage",N36A2,Yes,12/1/09,48.8,16.2,222.0,6000.0,G_337,MALE
PAL0910,119,Gentoo,Anvers,Biscoe,"Adult, 1 Egg Stage",N38A1,No,12/1/09,47.2,13.7,214.0,4925.0,G_338,FEMALE
PAL0910,120,Gentoo,Anvers,Biscoe,"Adult, 1 Egg Stage",N38A2,No,12/1/09,,,,,G_339,
PAL0910,121,Gentoo,Anvers,Biscoe,"Adult, 1 Egg Stage",N39A1,Yes,11/22/09,46.8,14.3,215.0,4850.0,G_340,FEMALE
PAL0910,122,Gentoo,Anvers,Biscoe,"Adult, 1 Egg Stage",N39A2,Yes,11/22/09,50.4,15.7,222.0,5750.0,G_341,MALE
PAL0910,123,Gentoo,Anvers,Biscoe,"Adult, 1 Egg Stage",N43A1,Yes,11/22/09,45.2,14.8,212.0,5200.0,G_342,FEMALE
PAL0910,124,Gentoo,Anvers,Biscoe,"Adult, 1 Egg Stage",N43A2,Yes,11/22/09,49.9,16.1,213.0,5400.0,G_343,MALE
